,year,state,report,farmtype,category,category_value,category2,category2_value,variable_id,variable_name,variable_sequence,variable_level,variable_group,variable_group_id,variable_unit,variable_description,variable_is_invalid,estimate,median,statistic,rse,unreliable_estimate,decimal_display,intervals_estimate,random_date,julian_date
0,2011,All survey states,Structural Characteristics,All Farms,Economic Class,"$1,000,000 or more",Operator Age,34 years or younger,vprodtot,Total value of production,20,1,,,"1,000 Dollars",Total value of production,False,12064424.0,,TOTAL,25.0,0,0,"(7671542.0, 13093219.25]",2011-09-21,15238.0
1,2011,All survey states,Structural Characteristics,All Farms,Economic Class,"$250,000 to $499,999",Operator Age,55 to 64 years old,tacres,Total acres operated,30,1,,,"1,000 Acres",Total acres operated,False,49199.0,,TOTAL,18.5,0,0,,2011-03-26,15059.0
2,2011,All survey states,Structural Characteristics,All Farms,Economic Class,"$100,000 to $249,999",Operator Age,55 to 64 years old,tacres,Total acres operated,30,1,,,"1,000 Acres",Total acres operated,False,36283.0,,TOTAL,12.1,0,0,,2011-10-09,15256.0
3,2011,All survey states,Structural Characteristics,All Farms,Economic Class,"Less than $100,000",Operator Age,55 to 64 years old,tacres,Total acres operated,30,1,,,"1,000 Acres",Total acres operated,False,93172.0,,TOTAL,7.5,0,0,,2011-10-07,15254.0
4,2011,All survey states,Structural Characteristics,All Farms,Economic Class,"$100,000 to $249,999",Operator Age,65 years or older,tacres,Total acres operated,30,1,,,"1,000 Acres",Total acres operated,False,42845.0,,TOTAL,17.6,0,0,,2011-04-12,15076.0
5,2011,All survey states,Structural Characteristics,All Farms,Economic Class,"Less than $100,000",Operator Age,34 years or younger,tacres,Total acres operated,30,1,,,"1,000 Acres",Total acres operated,False,8882.0,,TOTAL,26.1,0,0,,2011-03-27,15060.0
6,2011,All survey states,Structural Characteristics,All Farms,Economic Class,"$250,000 to $499,999",Operator Age,35 to 44 years old,tacres,Total acres operated,30,1,,,"1,000 Acres",Total acres operated,False,13146.0,,TOTAL,15.7,0,0,,2011-06-23,15148.0
7,2011,All survey states,Structural Characteristics,All Farms,Economic Class,"$100,000 to $249,999",Operator Age,35 to 44 years old,tacres,Total acres operated,30,1,,,"1,000 Acres",Total acres operated,False,16365.0,,TOTAL,16.8,0,0,,2011-02-09,15014.0
8,2011,All survey states,Structural Characteristics,All Farms,Economic Class,"Less than $100,000",Operator Age,35 to 44 years old,tacres,Total acres operated,30,1,,,"1,000 Acres",Total acres operated,False,35078.0,,TOTAL,28.3,0,0,,2011-04-13,15077.0
9,2011,All survey states,Structural Characteristics,All Farms,Economic Class,"$1,000,000 or more",Operator Age,45 to 54 years old,tacres,Total acres operated,30,1,,,"1,000 Acres",Total acres operated,False,39116.0,,TOTAL,12.9,0,0,,2011-08-27,15213.0
10,2011,All survey states,Structural Characteristics,All Farms,Economic Class,"$500,000 to $999,999",Operator Age,45 to 54 years old,tacres,Total acres operated,30,1,,,"1,000 Acres",Total acres operated,False,33767.0,,TOTAL,13.3,0,0,,2011-04-13,15077.0
11,2011,All survey states,Structural Characteristics,All Farms,Economic Class,"$1,000,000 or more",Operator Age,34 years or younger,tacres,Total acres operated,30,1,,,"1,000 Acres",Total acres operated,False,14193.0,,TOTAL,40.7,0,0,,2011-05-16,15110.0
12,2011,All survey states,Structural Characteristics,All Farms,Economic Class,"$250,000 to $499,999",Operator Age,45 to 54 years old,tacres,Total acres operated,30,1,,,"1,000 Acres",Total acres operated,False,39164.0,,TOTAL,13.6,0,0,,2011-12-12,15320.0
13,2011,All survey states,Structural Characteristics,All Farms,Economic Class,"Less than $100,000",Operator Age,45 to 54 years old,tacres,Total acres operated,30,1,,,"1,000 Acres",Total acres operated,False,63148.0,,TOTAL,13.7,0,0,,2011-02-14,15019.0
14,2011,All survey states,Structural Characteristics,All Farms,Economic Class,"$1,000,000 or more",Operator Age,65 years or older,tacres,Total acres operated,30,1,,,"1,000 Acres",Total acres operated,False,24425.0,,TOTAL,31.9,0,0,,2011-04-17,15081.0
15,2011,All survey states,Structural Characteristics,All Farms,Economic Class,"$500,000 to $999,999",Operator Age,65 years or older,tacres,Total acres operated,30,1,,,"1,000 Acres",Total acres operated,False,27222.0,,TOTAL,16.9,0,0,,2011-03-17,15050.0
16,2011,All survey states,Structural Characteristics,All Farms,Economic Class,"$250,000 to $499,999",Operator Age,65 years or older,tacres,Total acres operated,30,1,,,"1,000 Acres",Total acres operated,False,28830.0,,TOTAL,14.9,0,0,,2011-10-29,15276.0
17,2011,All survey states,Structural Characteristics,All Farms,Economic Class,"$100,000 to $249,999",Operator Age,34 years or younger,tacres,Total acres operated,30,1,,,"1,000 Acres",Total acres operated,False,4313.0,,TOTAL,20.3,0,0,,2011-06-10,15135.0
18,2011,All survey states,Structural Characteristics,All Farms,Economic Class,"$500,000 to $999,999",Operator Age,35 to 44 years old,tacres,Total acres operated,30,1,,,"1,000 Acres",Total acres operated,False,15830.0,,TOTAL,17.5,0,0,,2011-02-04,15009.0
19,2011,All survey states,Structural Characteristics,All Farms,Economic Class,"$250,000 to $499,999",Operator Age,34 years or younger,tacres,Total acres operated,30,1,,,"1,000 Acres",Total acres operated,False,8886.0,,TOTAL,37.4,0,0,,2011-10-06,15253.0
20,2011,All survey states,Structural Characteristics,All Farms,Economic Class,"$1,000,000 or more",Operator Age,35 to 44 years old,tacres,Total acres operated,30,1,,,"1,000 Acres",Total acres operated,False,29846.0,,TOTAL,43.5,0,0,,2011-09-27,15244.0
21,2011,All survey states,Structural Characteristics,All Farms,Economic Class,"$500,000 to $999,999",Operator Age,34 years or younger,tacres,Total acres operated,30,1,,,"1,000 Acres",Total acres operated,False,5012.0,,TOTAL,29.3,0,0,,2011-08-08,15194.0
22,2011,All survey states,Structural Characteristics,All Farms,Economic Class,"$1,000,000 or more",Operator Age,55 to 64 years old,tacres,Total acres operated,30,1,,,"1,000 Acres",Total acres operated,False,68939.0,,TOTAL,20.2,0,0,,2011-01-05,14979.0
23,2011,All survey states,Structural Characteristics,All Farms,Economic Class,"$100,000 to $249,999",Operator Age,45 to 54 years old,tacres,Total acres operated,30,1,,,"1,000 Acres",Total acres operated,False,21450.0,,TOTAL,15.3,0,0,,2011-09-25,15242.0
24,2011,All survey states,Structural Characteristics,All Farms,Economic Class,"$500,000 to $999,999",Operator Age,55 to 64 years old,tacres,Total acres operated,30,1,,,"1,000 Acres",Total acres operated,False,66079.0,,TOTAL,19.8,0,0,,2011-12-02,15310.0
25,2011,All survey states,Structural Characteristics,All Farms,Economic Class,"Less than $100,000",Operator Age,65 years or older,tacres,Total acres operated,30,1,,,"1,000 Acres",Total acres operated,False,116635.0,,TOTAL,6.3,0,0,,2011-05-23,15117.0
26,2011,All survey states,Structural Characteristics,All Farms,Economic Class,"Less than $100,000",Operator Age,35 to 44 years old,vprodtot,Total value of production,20,1,,,"1,000 Dollars",Total value of production,False,2747102.0,,TOTAL,15.2,0,0,"(0.0, 3607745.75]",2011-03-30,15063.0
27,2011,All survey states,Structural Characteristics,All Farms,Economic Class,"Less than $100,000",Operator Age,34 years or younger,vprodtot,Total value of production,20,1,,,"1,000 Dollars",Total value of production,False,1672735.0,,TOTAL,17.7,0,0,"(0.0, 3607745.75]",2011-05-02,15096.0
28,2011,All survey states,Structural Characteristics,All Farms,Economic Class,"$500,000 to $999,999",Operator Age,35 to 44 years old,vprodtot,Total value of production,20,1,,,"1,000 Dollars",Total value of production,False,9149806.0,,TOTAL,10.5,0,0,"(7671542.0, 13093219.25]",2011-09-29,15246.0
29,2011,All survey states,Structural Characteristics,All Farms,Economic Class,"$250,000 to $499,999",Operator Age,65 years or older,vprodtot,Total value of production,20,1,,,"1,000 Dollars",Total value of production,False,7200786.0,,TOTAL,6.1,0,0,"(3607745.75, 7671542.0]",2011-12-21,15329.0
30,2011,All survey states,Structural Characteristics,All Farms,Economic Class,"$250,000 to $499,999",Operator Age,34 years or younger,vprodtot,Total value of production,20,1,,,"1,000 Dollars",Total value of production,False,2575790.0,,TOTAL,17.0,0,0,"(0.0, 3607745.75]",2011-02-14,15019.0
31,2011,All survey states,Structural Characteristics,All Farms,Economic Class,"$1,000,000 or more",Operator Age,65 years or older,vprodtot,Total value of production,20,1,,,"1,000 Dollars",Total value of production,False,22694939.0,,TOTAL,15.0,0,0,"(13093219.25, 114480641.0]",2011-06-10,15135.0
32,2011,All survey states,Structural Characteristics,All Farms,Economic Class,"$100,000 to $249,999",Operator Age,45 to 54 years old,vprodtot,Total value of production,20,1,,,"1,000 Dollars",Total value of production,False,6128126.0,,TOTAL,8.2,0,0,"(3607745.75, 7671542.0]",2011-07-25,15180.0
33,2011,All survey states,Structural Characteristics,All Farms,Economic Class,"$500,000 to $999,999",Operator Age,34 years or younger,vprodtot,Total value of production,20,1,,,"1,000 Dollars",Total value of production,False,3074959.0,,TOTAL,23.4,0,0,"(0.0, 3607745.75]",2011-03-04,15037.0
34,2011,All survey states,Structural Characteristics,All Farms,Economic Class,"Less than $100,000",Operator Age,65 years or older,vprodtot,Total value of production,20,1,,,"1,000 Dollars",Total value of production,False,8689000.0,,TOTAL,5.3,0,0,"(7671542.0, 13093219.25]",2011-03-19,15052.0
35,2011,All survey states,Structural Characteristics,All Farms,Economic Class,"$100,000 to $249,999",Operator Age,65 years or older,vprodtot,Total value of production,20,1,,,"1,000 Dollars",Total value of production,False,7455703.0,,TOTAL,13.8,0,0,"(3607745.75, 7671542.0]",2011-10-18,15265.0
36,2011,All survey states,Structural Characteristics,All Farms,Economic Class,"Less than $100,000",Operator Age,55 to 64 years old,vprodtot,Total value of production,20,1,,,"1,000 Dollars",Total value of production,False,7561417.0,,TOTAL,5.8,0,0,"(3607745.75, 7671542.0]",2011-01-30,15004.0
37,2011,All survey states,Structural Characteristics,All Farms,Economic Class,"$1,000,000 or more",Operator Age,35 to 44 years old,vprodtot,Total value of production,20,1,,,"1,000 Dollars",Total value of production,False,24909670.0,,TOTAL,10.4,0,0,"(13093219.25, 114480641.0]",2011-02-14,15019.0
38,2011,All survey states,Structural Characteristics,All Farms,Economic Class,"$1,000,000 or more",Operator Age,45 to 54 years old,vprodtot,Total value of production,20,1,,,"1,000 Dollars",Total value of production,False,49631917.0,,TOTAL,8.1,0,0,"(13093219.25, 114480641.0]",2011-02-03,15008.0
39,2011,All survey states,Structural Characteristics,All Farms,Economic Class,"$250,000 to $499,999",Operator Age,45 to 54 years old,vprodtot,Total value of production,20,1,,,"1,000 Dollars",Total value of production,False,13198610.0,,TOTAL,7.9,0,0,"(13093219.25, 114480641.0]",2011-11-15,15293.0
40,2011,All survey states,Structural Characteristics,All Farms,Economic Class,"$250,000 to $499,999",Operator Age,35 to 44 years old,vprodtot,Total value of production,20,1,,,"1,000 Dollars",Total value of production,False,5085207.0,,TOTAL,14.8,0,0,"(3607745.75, 7671542.0]",2011-08-09,15195.0
41,2011,All survey states,Structural Characteristics,All Farms,Economic Class,"$100,000 to $249,999",Operator Age,34 years or younger,vprodtot,Total value of production,20,1,,,"1,000 Dollars",Total value of production,False,2274617.0,,TOTAL,20.6,0,0,"(0.0, 3607745.75]",2011-11-07,15285.0
42,2011,All survey states,Structural Characteristics,All Farms,Economic Class,"$500,000 to $999,999",Operator Age,45 to 54 years old,vprodtot,Total value of production,20,1,,,"1,000 Dollars",Total value of production,False,17073633.0,,TOTAL,6.6,0,0,"(13093219.25, 114480641.0]",2011-01-25,14999.0
43,2011,All survey states,Structural Characteristics,All Farms,Economic Class,"$1,000,000 or more",Operator Age,55 to 64 years old,vprodtot,Total value of production,20,1,,,"1,000 Dollars",Total value of production,False,69278321.0,,TOTAL,7.0,0,0,"(13093219.25, 114480641.0]",2011-12-10,15318.0
44,2011,All survey states,Structural Characteristics,All Farms,Economic Class,"$500,000 to $999,999",Operator Age,55 to 64 years old,vprodtot,Total value of production,20,1,,,"1,000 Dollars",Total value of production,False,22387587.0,,TOTAL,6.3,0,0,"(13093219.25, 114480641.0]",2011-03-14,15047.0
45,2011,All survey states,Structural Characteristics,All Farms,Economic Class,"$250,000 to $499,999",Operator Age,55 to 64 years old,vprodtot,Total value of production,20,1,,,"1,000 Dollars",Total value of production,False,13277705.0,,TOTAL,6.2,0,0,"(13093219.25, 114480641.0]",2011-05-30,15124.0
46,2011,All survey states,Structural Characteristics,All Farms,Economic Class,"$100,000 to $249,999",Operator Age,55 to 64 years old,vprodtot,Total value of production,20,1,,,"1,000 Dollars",Total value of production,False,7686109.0,,TOTAL,6.8,0,0,"(7671542.0, 13093219.25]",2011-05-29,15123.0
47,2011,All survey states,Structural Characteristics,All Farms,Economic Class,"$100,000 to $249,999",Operator Age,35 to 44 years old,vprodtot,Total value of production,20,1,,,"1,000 Dollars",Total value of production,False,4111804.0,,TOTAL,14.9,0,0,"(3607745.75, 7671542.0]",2011-11-18,15296.0
48,2011,All survey states,Structural Characteristics,All Farms,Economic Class,"Less than $100,000",Operator Age,45 to 54 years old,vprodtot,Total value of production,20,1,,,"1,000 Dollars",Total value of production,False,4761009.0,,TOTAL,8.7,0,0,"(3607745.75, 7671542.0]",2011-09-23,15240.0
49,2011,All survey states,Structural Characteristics,All Farms,Economic Class,"$500,000 to $999,999",Operator Age,65 years or older,vprodtot,Total value of production,20,1,,,"1,000 Dollars",Total value of production,False,10568181.0,,TOTAL,11.8,0,0,"(7671542.0, 13093219.25]",2011-04-28,15092.0
50,2012,All survey states,Structural Characteristics,All Farms,Economic Class,"Less than $100,000",Operator Age,34 years or younger,tacres,Total acres operated,30,1,,,"1,000 Acres",Total acres operated,False,6850.0,,TOTAL,11.2,0,0,,2012-02-02,15372.0
51,2012,All survey states,Structural Characteristics,All Farms,Economic Class,"$100,000 to $249,999",Operator Age,35 to 44 years old,tacres,Total acres operated,30,1,,,"1,000 Acres",Total acres operated,False,10206.0,,TOTAL,18.6,0,0,,2012-08-10,15562.0
52,2012,All survey states,Structural Characteristics,All Farms,Economic Class,"Less than $100,000",Operator Age,65 years or older,tacres,Total acres operated,30,1,,,"1,000 Acres",Total acres operated,False,105726.0,,TOTAL,3.0,0,0,,2012-03-27,15426.0
53,2012,All survey states,Structural Characteristics,All Farms,Economic Class,"Less than $100,000",Operator Age,35 to 44 years old,tacres,Total acres operated,30,1,,,"1,000 Acres",Total acres operated,False,20454.0,,TOTAL,11.9,0,0,,2012-08-04,15556.0
54,2012,All survey states,Structural Characteristics,All Farms,Economic Class,"Less than $100,000",Operator Age,45 to 54 years old,tacres,Total acres operated,30,1,,,"1,000 Acres",Total acres operated,False,62876.0,,TOTAL,11.7,0,0,,2012-08-13,15565.0
55,2012,All survey states,Structural Characteristics,All Farms,Economic Class,"$1,000,000 or more",Operator Age,35 to 44 years old,tacres,Total acres operated,30,1,,,"1,000 Acres",Total acres operated,False,20975.0,,TOTAL,14.4,0,0,,2012-02-08,15378.0
56,2012,All survey states,Structural Characteristics,All Farms,Economic Class,"$1,000,000 or more",Operator Age,55 to 64 years old,tacres,Total acres operated,30,1,,,"1,000 Acres",Total acres operated,False,74462.0,,TOTAL,7.9,0,0,,2012-09-20,15603.0
57,2012,All survey states,Structural Characteristics,All Farms,Economic Class,"$250,000 to $499,999",Operator Age,55 to 64 years old,tacres,Total acres operated,30,1,,,"1,000 Acres",Total acres operated,False,45828.0,,TOTAL,11.2,0,0,,2012-02-13,15383.0
58,2012,All survey states,Structural Characteristics,All Farms,Economic Class,"$250,000 to $499,999",Operator Age,34 years or younger,tacres,Total acres operated,30,1,,,"1,000 Acres",Total acres operated,False,4035.0,,TOTAL,17.1,0,0,,2012-02-06,15376.0
59,2012,All survey states,Structural Characteristics,All Farms,Economic Class,"$500,000 to $999,999",Operator Age,45 to 54 years old,tacres,Total acres operated,30,1,,,"1,000 Acres",Total acres operated,False,33510.0,,TOTAL,18.5,0,0,,2012-09-16,15599.0
60,2012,All survey states,Structural Characteristics,All Farms,Economic Class,"$500,000 to $999,999",Operator Age,55 to 64 years old,tacres,Total acres operated,30,1,,,"1,000 Acres",Total acres operated,False,42028.0,,TOTAL,10.8,0,0,,2012-10-04,15617.0
61,2012,All survey states,Structural Characteristics,All Farms,Economic Class,"$1,000,000 or more",Operator Age,34 years or younger,tacres,Total acres operated,30,1,,,"1,000 Acres",Total acres operated,False,5811.0,,TOTAL,16.5,0,0,,2012-03-07,15406.0
62,2012,All survey states,Structural Characteristics,All Farms,Economic Class,"$100,000 to $249,999",Operator Age,65 years or older,tacres,Total acres operated,30,1,,,"1,000 Acres",Total acres operated,False,35836.0,,TOTAL,11.5,0,0,,2012-01-09,15348.0
63,2012,All survey states,Structural Characteristics,All Farms,Economic Class,"$1,000,000 or more",Operator Age,65 years or older,tacres,Total acres operated,30,1,,,"1,000 Acres",Total acres operated,False,39312.0,,TOTAL,14.5,0,0,,2012-12-05,15679.0
64,2012,All survey states,Structural Characteristics,All Farms,Economic Class,"Less than $100,000",Operator Age,55 to 64 years old,tacres,Total acres operated,30,1,,,"1,000 Acres",Total acres operated,False,120350.0,,TOTAL,9.1,0,0,,2012-05-21,15481.0
65,2012,All survey states,Structural Characteristics,All Farms,Economic Class,"$500,000 to $999,999",Operator Age,34 years or younger,tacres,Total acres operated,30,1,,,"1,000 Acres",Total acres operated,False,5271.0,,TOTAL,23.2,0,0,,2012-10-23,15636.0
66,2012,All survey states,Structural Characteristics,All Farms,Economic Class,"$100,000 to $249,999",Operator Age,55 to 64 years old,tacres,Total acres operated,30,1,,,"1,000 Acres",Total acres operated,False,38094.0,,TOTAL,5.8,0,0,,2012-12-25,15699.0
67,2012,All survey states,Structural Characteristics,All Farms,Economic Class,"$250,000 to $499,999",Operator Age,45 to 54 years old,tacres,Total acres operated,30,1,,,"1,000 Acres",Total acres operated,False,32065.0,,TOTAL,14.6,0,0,,2012-07-15,15536.0
68,2012,All survey states,Structural Characteristics,All Farms,Economic Class,"$250,000 to $499,999",Operator Age,35 to 44 years old,tacres,Total acres operated,30,1,,,"1,000 Acres",Total acres operated,False,12099.0,,TOTAL,18.2,0,0,,2012-09-11,15594.0
69,2012,All survey states,Structural Characteristics,All Farms,Economic Class,"$500,000 to $999,999",Operator Age,35 to 44 years old,tacres,Total acres operated,30,1,,,"1,000 Acres",Total acres operated,False,11520.0,,TOTAL,23.1,0,0,,2012-04-24,15454.0
70,2012,All survey states,Structural Characteristics,All Farms,Economic Class,"$1,000,000 or more",Operator Age,45 to 54 years old,tacres,Total acres operated,30,1,,,"1,000 Acres",Total acres operated,False,53144.0,,TOTAL,9.8,0,0,,2012-10-05,15618.0
71,2012,All survey states,Structural Characteristics,All Farms,Economic Class,"$250,000 to $499,999",Operator Age,65 years or older,tacres,Total acres operated,30,1,,,"1,000 Acres",Total acres operated,False,23142.0,,TOTAL,9.6,0,0,,2012-07-24,15545.0
72,2012,All survey states,Structural Characteristics,All Farms,Economic Class,"$100,000 to $249,999",Operator Age,35 to 44 years old,vprodtot,Total value of production,20,1,,,"1,000 Dollars",Total value of production,False,2681946.0,,TOTAL,8.5,0,0,"(0.0, 3607745.75]",2012-07-09,15530.0
73,2012,All survey states,Structural Characteristics,All Farms,Economic Class,"$100,000 to $249,999",Operator Age,34 years or younger,tacres,Total acres operated,30,1,,,"1,000 Acres",Total acres operated,False,12137.0,,TOTAL,47.1,0,0,,2012-03-19,15418.0
74,2012,All survey states,Structural Characteristics,All Farms,Economic Class,"$250,000 to $499,999",Operator Age,65 years or older,vprodtot,Total value of production,20,1,,,"1,000 Dollars",Total value of production,False,6634716.0,,TOTAL,6.9,0,0,"(3607745.75, 7671542.0]",2012-06-09,15500.0
75,2012,All survey states,Structural Characteristics,All Farms,Economic Class,"$250,000 to $499,999",Operator Age,45 to 54 years old,vprodtot,Total value of production,20,1,,,"1,000 Dollars",Total value of production,False,8659304.0,,TOTAL,6.9,0,0,"(7671542.0, 13093219.25]",2012-04-29,15459.0
76,2012,All survey states,Structural Characteristics,All Farms,Economic Class,"Less than $100,000",Operator Age,45 to 54 years old,vprodtot,Total value of production,20,1,,,"1,000 Dollars",Total value of production,False,5207467.0,,TOTAL,6.3,0,0,"(3607745.75, 7671542.0]",2012-08-26,15578.0
77,2012,All survey states,Structural Characteristics,All Farms,Economic Class,"$1,000,000 or more",Operator Age,55 to 64 years old,vprodtot,Total value of production,20,1,,,"1,000 Dollars",Total value of production,False,86641726.0,,TOTAL,5.6,0,0,"(13093219.25, 114480641.0]",2012-10-31,15644.0
78,2012,All survey states,Structural Characteristics,All Farms,Economic Class,"Less than $100,000",Operator Age,55 to 64 years old,vprodtot,Total value of production,20,1,,,"1,000 Dollars",Total value of production,False,9454143.0,,TOTAL,5.3,0,0,"(7671542.0, 13093219.25]",2012-09-24,15607.0
79,2012,All survey states,Structural Characteristics,All Farms,Economic Class,"$500,000 to $999,999",Operator Age,35 to 44 years old,vprodtot,Total value of production,20,1,,,"1,000 Dollars",Total value of production,False,5978860.0,,TOTAL,13.1,0,0,"(3607745.75, 7671542.0]",2012-12-19,15693.0
80,2012,All survey states,Structural Characteristics,All Farms,Economic Class,"$500,000 to $999,999",Operator Age,55 to 64 years old,vprodtot,Total value of production,20,1,,,"1,000 Dollars",Total value of production,False,18600656.0,,TOTAL,5.2,0,0,"(13093219.25, 114480641.0]",2012-04-05,15435.0
81,2012,All survey states,Structural Characteristics,All Farms,Economic Class,"$500,000 to $999,999",Operator Age,34 years or younger,vprodtot,Total value of production,20,1,,,"1,000 Dollars",Total value of production,False,2826028.0,,TOTAL,17.5,0,0,"(0.0, 3607745.75]",2012-01-29,15368.0
82,2012,All survey states,Structural Characteristics,All Farms,Economic Class,"Less than $100,000",Operator Age,35 to 44 years old,vprodtot,Total value of production,20,1,,,"1,000 Dollars",Total value of production,False,2097523.0,,TOTAL,6.9,0,0,"(0.0, 3607745.75]",2012-02-14,15384.0
83,2012,All survey states,Structural Characteristics,All Farms,Economic Class,"$250,000 to $499,999",Operator Age,55 to 64 years old,vprodtot,Total value of production,20,1,,,"1,000 Dollars",Total value of production,False,13818982.0,,TOTAL,5.7,0,0,"(13093219.25, 114480641.0]",2012-05-29,15489.0
84,2012,All survey states,Structural Characteristics,All Farms,Economic Class,"$500,000 to $999,999",Operator Age,45 to 54 years old,vprodtot,Total value of production,20,1,,,"1,000 Dollars",Total value of production,False,13558395.0,,TOTAL,6.2,0,0,"(13093219.25, 114480641.0]",2012-03-07,15406.0
85,2012,All survey states,Structural Characteristics,All Farms,Economic Class,"$100,000 to $249,999",Operator Age,45 to 54 years old,vprodtot,Total value of production,20,1,,,"1,000 Dollars",Total value of production,False,5220703.0,,TOTAL,7.5,0,0,"(3607745.75, 7671542.0]",2012-10-29,15642.0
86,2012,All survey states,Structural Characteristics,All Farms,Economic Class,"$500,000 to $999,999",Operator Age,65 years or older,tacres,Total acres operated,30,1,,,"1,000 Acres",Total acres operated,False,26693.0,,TOTAL,20.0,0,0,,2012-04-04,15434.0
87,2012,All survey states,Structural Characteristics,All Farms,Economic Class,"$250,000 to $499,999",Operator Age,34 years or younger,vprodtot,Total value of production,20,1,,,"1,000 Dollars",Total value of production,False,2396309.0,,TOTAL,17.5,0,0,"(0.0, 3607745.75]",2012-03-31,15430.0
88,2012,All survey states,Structural Characteristics,All Farms,Economic Class,"$1,000,000 or more",Operator Age,65 years or older,vprodtot,Total value of production,20,1,,,"1,000 Dollars",Total value of production,False,39231354.0,,TOTAL,9.5,0,0,"(13093219.25, 114480641.0]",2012-05-05,15465.0
89,2012,All survey states,Structural Characteristics,All Farms,Economic Class,"$100,000 to $249,999",Operator Age,65 years or older,vprodtot,Total value of production,20,1,,,"1,000 Dollars",Total value of production,False,6408851.0,,TOTAL,5.4,0,0,"(3607745.75, 7671542.0]",2012-11-07,15651.0
90,2012,All survey states,Structural Characteristics,All Farms,Economic Class,"$1,000,000 or more",Operator Age,45 to 54 years old,vprodtot,Total value of production,20,1,,,"1,000 Dollars",Total value of production,False,71051899.0,,TOTAL,6.4,0,0,"(13093219.25, 114480641.0]",2012-12-26,15700.0
91,2012,All survey states,Structural Characteristics,All Farms,Economic Class,"$1,000,000 or more",Operator Age,34 years or younger,vprodtot,Total value of production,20,1,,,"1,000 Dollars",Total value of production,False,10835725.0,,TOTAL,18.5,0,0,"(7671542.0, 13093219.25]",2012-02-21,15391.0
92,2012,All survey states,Structural Characteristics,All Farms,Economic Class,"$250,000 to $499,999",Operator Age,35 to 44 years old,vprodtot,Total value of production,20,1,,,"1,000 Dollars",Total value of production,False,4349425.0,,TOTAL,10.7,0,0,"(3607745.75, 7671542.0]",2012-01-27,15366.0
93,2012,All survey states,Structural Characteristics,All Farms,Economic Class,"$100,000 to $249,999",Operator Age,34 years or younger,vprodtot,Total value of production,20,1,,,"1,000 Dollars",Total value of production,False,2039012.0,,TOTAL,18.1,0,0,"(0.0, 3607745.75]",2012-10-30,15643.0
94,2012,All survey states,Structural Characteristics,All Farms,Economic Class,"Less than $100,000",Operator Age,65 years or older,vprodtot,Total value of production,20,1,,,"1,000 Dollars",Total value of production,False,9027996.0,,TOTAL,4.0,0,0,"(7671542.0, 13093219.25]",2012-12-26,15700.0
95,2012,All survey states,Structural Characteristics,All Farms,Economic Class,"$1,000,000 or more",Operator Age,35 to 44 years old,vprodtot,Total value of production,20,1,,,"1,000 Dollars",Total value of production,False,30132567.0,,TOTAL,7.9,0,0,"(13093219.25, 114480641.0]",2012-03-28,15427.0
96,2012,All survey states,Structural Characteristics,All Farms,Economic Class,"Less than $100,000",Operator Age,34 years or younger,vprodtot,Total value of production,20,1,,,"1,000 Dollars",Total value of production,False,1264917.0,,TOTAL,12.6,0,0,"(0.0, 3607745.75]",2012-10-09,15622.0
97,2012,All survey states,Structural Characteristics,All Farms,Economic Class,"$500,000 to $999,999",Operator Age,65 years or older,vprodtot,Total value of production,20,1,,,"1,000 Dollars",Total value of production,False,9098222.0,,TOTAL,7.4,0,0,"(7671542.0, 13093219.25]",2012-11-15,15659.0
98,2012,All survey states,Structural Characteristics,All Farms,Economic Class,"$100,000 to $249,999",Operator Age,45 to 54 years old,tacres,Total acres operated,30,1,,,"1,000 Acres",Total acres operated,False,27993.0,,TOTAL,16.9,0,0,,2012-01-19,15358.0
99,2012,All survey states,Structural Characteristics,All Farms,Economic Class,"$100,000 to $249,999",Operator Age,55 to 64 years old,vprodtot,Total value of production,20,1,,,"1,000 Dollars",Total value of production,False,8210022.0,,TOTAL,4.8,0,0,"(7671542.0, 13093219.25]",2012-11-11,15655.0
100,2013,All survey states,Structural Characteristics,All Farms,Economic Class,"Less than $100,000",Operator Age,45 to 54 years old,tacres,Total acres operated,30,1,,,"1,000 Acres",Total acres operated,False,43259.0,,TOTAL,10.4,0,0,,2013-01-22,15727.0
101,2013,All survey states,Structural Characteristics,All Farms,Economic Class,"$500,000 to $999,999",Operator Age,34 years or younger,tacres,Total acres operated,30,1,,,"1,000 Acres",Total acres operated,False,5230.0,,TOTAL,38.9,0,0,,2013-03-17,15781.0
102,2013,All survey states,Structural Characteristics,All Farms,Economic Class,"$1,000,000 or more",Operator Age,65 years or older,tacres,Total acres operated,30,1,,,"1,000 Acres",Total acres operated,False,41043.0,,TOTAL,23.1,0,0,,2013-10-12,15990.0
103,2013,All survey states,Structural Characteristics,All Farms,Economic Class,"$100,000 to $249,999",Operator Age,34 years or younger,tacres,Total acres operated,30,1,,,"1,000 Acres",Total acres operated,False,3142.0,,TOTAL,19.0,0,0,,2013-09-24,15972.0
104,2013,All survey states,Structural Characteristics,All Farms,Economic Class,"$500,000 to $999,999",Operator Age,55 to 64 years old,tacres,Total acres operated,30,1,,,"1,000 Acres",Total acres operated,False,47651.0,,TOTAL,24.4,0,0,,2013-08-15,15932.0
105,2013,All survey states,Structural Characteristics,All Farms,Economic Class,"$250,000 to $499,999",Operator Age,65 years or older,tacres,Total acres operated,30,1,,,"1,000 Acres",Total acres operated,False,34519.0,,TOTAL,19.2,0,0,,2013-03-30,15794.0
106,2013,All survey states,Structural Characteristics,All Farms,Economic Class,"Less than $100,000",Operator Age,35 to 44 years old,tacres,Total acres operated,30,1,,,"1,000 Acres",Total acres operated,False,19576.0,,TOTAL,11.3,0,0,,2013-01-25,15730.0
107,2013,All survey states,Structural Characteristics,All Farms,Economic Class,"$250,000 to $499,999",Operator Age,55 to 64 years old,tacres,Total acres operated,30,1,,,"1,000 Acres",Total acres operated,False,37112.0,,TOTAL,10.2,0,0,,2013-10-26,16004.0
108,2013,All survey states,Structural Characteristics,All Farms,Economic Class,"$1,000,000 or more",Operator Age,45 to 54 years old,tacres,Total acres operated,30,1,,,"1,000 Acres",Total acres operated,False,52716.0,,TOTAL,22.3,0,0,,2013-05-06,15831.0
109,2013,All survey states,Structural Characteristics,All Farms,Economic Class,"$100,000 to $249,999",Operator Age,55 to 64 years old,tacres,Total acres operated,30,1,,,"1,000 Acres",Total acres operated,False,28483.0,,TOTAL,13.4,0,0,,2013-03-09,15773.0
110,2013,All survey states,Structural Characteristics,All Farms,Economic Class,"$1,000,000 or more",Operator Age,34 years or younger,tacres,Total acres operated,30,1,,,"1,000 Acres",Total acres operated,False,6980.0,,TOTAL,37.7,0,0,,2013-02-28,15764.0
111,2013,All survey states,Structural Characteristics,All Farms,Economic Class,"Less than $100,000",Operator Age,55 to 64 years old,tacres,Total acres operated,30,1,,,"1,000 Acres",Total acres operated,False,102578.0,,TOTAL,8.2,0,0,,2013-09-30,15978.0
112,2013,All survey states,Structural Characteristics,All Farms,Economic Class,"$100,000 to $249,999",Operator Age,45 to 54 years old,tacres,Total acres operated,30,1,,,"1,000 Acres",Total acres operated,False,24296.0,,TOTAL,14.6,0,0,,2013-02-07,15743.0
113,2013,All survey states,Structural Characteristics,All Farms,Economic Class,"$1,000,000 or more",Operator Age,35 to 44 years old,tacres,Total acres operated,30,1,,,"1,000 Acres",Total acres operated,False,21357.0,,TOTAL,13.1,0,0,,2013-04-10,15805.0
114,2013,All survey states,Structural Characteristics,All Farms,Economic Class,"$250,000 to $499,999",Operator Age,35 to 44 years old,tacres,Total acres operated,30,1,,,"1,000 Acres",Total acres operated,False,12782.0,,TOTAL,78.8,0,0,,2013-09-18,15966.0
115,2013,All survey states,Structural Characteristics,All Farms,Economic Class,"$500,000 to $999,999",Operator Age,35 to 44 years old,tacres,Total acres operated,30,1,,,"1,000 Acres",Total acres operated,False,15836.0,,TOTAL,32.4,0,0,,2013-10-19,15997.0
116,2013,All survey states,Structural Characteristics,All Farms,Economic Class,"Less than $100,000",Operator Age,65 years or older,tacres,Total acres operated,30,1,,,"1,000 Acres",Total acres operated,False,129976.0,,TOTAL,10.9,0,0,,2013-10-05,15983.0
117,2013,All survey states,Structural Characteristics,All Farms,Economic Class,"Less than $100,000",Operator Age,34 years or younger,tacres,Total acres operated,30,1,,,"1,000 Acres",Total acres operated,False,13129.0,,TOTAL,48.4,0,0,,2013-11-13,16022.0
118,2013,All survey states,Structural Characteristics,All Farms,Economic Class,"$500,000 to $999,999",Operator Age,65 years or older,tacres,Total acres operated,30,1,,,"1,000 Acres",Total acres operated,False,25925.0,,TOTAL,18.2,0,0,,2013-09-23,15971.0
119,2013,All survey states,Structural Characteristics,All Farms,Economic Class,"$250,000 to $499,999",Operator Age,34 years or younger,tacres,Total acres operated,30,1,,,"1,000 Acres",Total acres operated,False,3401.0,,TOTAL,17.6,0,0,,2013-03-29,15793.0
120,2013,All survey states,Structural Characteristics,All Farms,Economic Class,"$100,000 to $249,999",Operator Age,65 years or older,tacres,Total acres operated,30,1,,,"1,000 Acres",Total acres operated,False,40787.0,,TOTAL,9.7,0,0,,2013-09-18,15966.0
121,2013,All survey states,Structural Characteristics,All Farms,Economic Class,"$500,000 to $999,999",Operator Age,45 to 54 years old,tacres,Total acres operated,30,1,,,"1,000 Acres",Total acres operated,False,27598.0,,TOTAL,24.8,0,0,,2013-11-07,16016.0
122,2013,All survey states,Structural Characteristics,All Farms,Economic Class,"$250,000 to $499,999",Operator Age,45 to 54 years old,tacres,Total acres operated,30,1,,,"1,000 Acres",Total acres operated,False,76097.0,,TOTAL,83.4,0,0,,2013-02-05,15741.0
123,2013,All survey states,Structural Characteristics,All Farms,Economic Class,"$100,000 to $249,999",Operator Age,35 to 44 years old,tacres,Total acres operated,30,1,,,"1,000 Acres",Total acres operated,False,10043.0,,TOTAL,23.8,0,0,,2013-07-09,15895.0
124,2013,All survey states,Structural Characteristics,All Farms,Economic Class,"$250,000 to $499,999",Operator Age,34 years or younger,vprodtot,Total value of production,20,1,,,"1,000 Dollars",Total value of production,False,2811397.0,,TOTAL,21.5,0,0,"(0.0, 3607745.75]",2013-09-20,15968.0
125,2013,All survey states,Structural Characteristics,All Farms,Economic Class,"$500,000 to $999,999",Operator Age,55 to 64 years old,vprodtot,Total value of production,20,1,,,"1,000 Dollars",Total value of production,False,17507847.0,,TOTAL,6.4,0,0,"(13093219.25, 114480641.0]",2013-12-18,16057.0
126,2013,All survey states,Structural Characteristics,All Farms,Economic Class,"$100,000 to $249,999",Operator Age,45 to 54 years old,vprodtot,Total value of production,20,1,,,"1,000 Dollars",Total value of production,False,5614503.0,,TOTAL,9.0,0,0,"(3607745.75, 7671542.0]",2013-04-12,15807.0
127,2013,All survey states,Structural Characteristics,All Farms,Economic Class,"$500,000 to $999,999",Operator Age,45 to 54 years old,vprodtot,Total value of production,20,1,,,"1,000 Dollars",Total value of production,False,11224071.0,,TOTAL,6.9,0,0,"(7671542.0, 13093219.25]",2013-12-02,16041.0
128,2013,All survey states,Structural Characteristics,All Farms,Economic Class,"$1,000,000 or more",Operator Age,45 to 54 years old,vprodtot,Total value of production,20,1,,,"1,000 Dollars",Total value of production,False,60052321.0,,TOTAL,9.9,0,0,"(13093219.25, 114480641.0]",2013-10-18,15996.0
129,2013,All survey states,Structural Characteristics,All Farms,Economic Class,"$1,000,000 or more",Operator Age,55 to 64 years old,vprodtot,Total value of production,20,1,,,"1,000 Dollars",Total value of production,False,106078145.0,,TOTAL,6.0,0,0,"(13093219.25, 114480641.0]",2013-05-12,15837.0
130,2013,All survey states,Structural Characteristics,All Farms,Economic Class,"Less than $100,000",Operator Age,35 to 44 years old,vprodtot,Total value of production,20,1,,,"1,000 Dollars",Total value of production,False,2425999.0,,TOTAL,10.8,0,0,"(0.0, 3607745.75]",2013-10-17,15995.0
131,2013,All survey states,Structural Characteristics,All Farms,Economic Class,"$250,000 to $499,999",Operator Age,55 to 64 years old,vprodtot,Total value of production,20,1,,,"1,000 Dollars",Total value of production,False,13219284.0,,TOTAL,5.7,0,0,"(13093219.25, 114480641.0]",2013-09-10,15958.0
132,2013,All survey states,Structural Characteristics,All Farms,Economic Class,"$1,000,000 or more",Operator Age,55 to 64 years old,tacres,Total acres operated,30,1,,,"1,000 Acres",Total acres operated,False,73444.0,,TOTAL,9.8,0,0,,2013-12-27,16066.0
133,2013,All survey states,Structural Characteristics,All Farms,Economic Class,"Less than $100,000",Operator Age,55 to 64 years old,vprodtot,Total value of production,20,1,,,"1,000 Dollars",Total value of production,False,8740443.0,,TOTAL,5.0,0,0,"(7671542.0, 13093219.25]",2013-03-31,15795.0
134,2013,All survey states,Structural Characteristics,All Farms,Economic Class,"$250,000 to $499,999",Operator Age,35 to 44 years old,vprodtot,Total value of production,20,1,,,"1,000 Dollars",Total value of production,False,3485535.0,,TOTAL,14.9,0,0,"(0.0, 3607745.75]",,
135,2013,All survey states,Structural Characteristics,All Farms,Economic Class,"$1,000,000 or more",Operator Age,35 to 44 years old,vprodtot,Total value of production,20,1,,,"1,000 Dollars",Total value of production,False,37408304.0,,TOTAL,17.0,0,0,"(13093219.25, 114480641.0]",2013-05-20,15845.0
136,2013,All survey states,Structural Characteristics,All Farms,Economic Class,"$250,000 to $499,999",Operator Age,45 to 54 years old,vprodtot,Total value of production,20,1,,,"1,000 Dollars",Total value of production,False,7301083.0,,TOTAL,12.0,0,0,"(3607745.75, 7671542.0]",2013-10-16,15994.0
137,2013,All survey states,Structural Characteristics,All Farms,Economic Class,"$100,000 to $249,999",Operator Age,55 to 64 years old,vprodtot,Total value of production,20,1,,,"1,000 Dollars",Total value of production,False,7172379.0,,TOTAL,5.2,0,0,"(3607745.75, 7671542.0]",2013-06-04,15860.0
138,2013,All survey states,Structural Characteristics,All Farms,Economic Class,"$500,000 to $999,999",Operator Age,35 to 44 years old,vprodtot,Total value of production,20,1,,,"1,000 Dollars",Total value of production,False,4707734.0,,TOTAL,16.3,0,0,"(3607745.75, 7671542.0]",2013-10-29,16007.0
139,2013,All survey states,Structural Characteristics,All Farms,Economic Class,"$500,000 to $999,999",Operator Age,65 years or older,vprodtot,Total value of production,20,1,,,"1,000 Dollars",Total value of production,False,11463643.0,,TOTAL,9.2,0,0,"(7671542.0, 13093219.25]",2013-10-01,15979.0
140,2013,All survey states,Structural Characteristics,All Farms,Economic Class,"Less than $100,000",Operator Age,45 to 54 years old,vprodtot,Total value of production,20,1,,,"1,000 Dollars",Total value of production,False,4227396.0,,TOTAL,7.4,0,0,"(3607745.75, 7671542.0]",2013-02-04,15740.0
141,2013,All survey states,Structural Characteristics,All Farms,Economic Class,"$100,000 to $249,999",Operator Age,34 years or younger,vprodtot,Total value of production,20,1,,,"1,000 Dollars",Total value of production,False,1595141.0,,TOTAL,17.6,0,0,"(0.0, 3607745.75]",2013-05-26,15851.0
142,2013,All survey states,Structural Characteristics,All Farms,Economic Class,"Less than $100,000",Operator Age,65 years or older,vprodtot,Total value of production,20,1,,,"1,000 Dollars",Total value of production,False,9230190.0,,TOTAL,3.5,0,0,"(7671542.0, 13093219.25]",2013-08-22,15939.0
143,2013,All survey states,Structural Characteristics,All Farms,Economic Class,"$1,000,000 or more",Operator Age,34 years or younger,vprodtot,Total value of production,20,1,,,"1,000 Dollars",Total value of production,False,7656975.0,,TOTAL,22.4,0,0,"(3607745.75, 7671542.0]",2013-04-27,15822.0
144,2013,All survey states,Structural Characteristics,All Farms,Economic Class,"$500,000 to $999,999",Operator Age,34 years or younger,vprodtot,Total value of production,20,1,,,"1,000 Dollars",Total value of production,False,3125520.0,,TOTAL,32.0,0,0,"(0.0, 3607745.75]",2013-09-23,15971.0
145,2013,All survey states,Structural Characteristics,All Farms,Economic Class,"$1,000,000 or more",Operator Age,65 years or older,vprodtot,Total value of production,20,1,,,"1,000 Dollars",Total value of production,False,39446932.0,,TOTAL,9.2,0,0,"(13093219.25, 114480641.0]",2013-03-02,15766.0
146,2013,All survey states,Structural Characteristics,All Farms,Economic Class,"Less than $100,000",Operator Age,34 years or younger,vprodtot,Total value of production,20,1,,,"1,000 Dollars",Total value of production,False,1436996.0,,TOTAL,22.0,0,0,"(0.0, 3607745.75]",2013-07-26,15912.0
147,2013,All survey states,Structural Characteristics,All Farms,Economic Class,"$100,000 to $249,999",Operator Age,65 years or older,vprodtot,Total value of production,20,1,,,"1,000 Dollars",Total value of production,False,6965858.0,,TOTAL,6.0,0,0,"(3607745.75, 7671542.0]",2013-01-20,15725.0
148,2013,All survey states,Structural Characteristics,All Farms,Economic Class,"$250,000 to $499,999",Operator Age,65 years or older,vprodtot,Total value of production,20,1,,,"1,000 Dollars",Total value of production,False,7760239.0,,TOTAL,10.2,0,0,"(7671542.0, 13093219.25]",2013-05-05,15830.0
149,2013,All survey states,Structural Characteristics,All Farms,Economic Class,"$100,000 to $249,999",Operator Age,35 to 44 years old,vprodtot,Total value of production,20,1,,,"1,000 Dollars",Total value of production,False,2749286.0,,TOTAL,16.6,0,0,"(0.0, 3607745.75]",2013-02-19,15755.0
150,2014,All survey states,Structural Characteristics,All Farms,Economic Class,"$100,000 to $249,999",Operator Age,55 to 64 years old,vprodtot,Total value of production,20,1,,,"1,000 Dollars",Total value of production,False,8656971.0,,TOTAL,13.6,0,0,"(7671542.0, 13093219.25]",2014-02-05,16106.0
151,2014,All survey states,Structural Characteristics,All Farms,Economic Class,"Less than $100,000",Operator Age,34 years or younger,vprodtot,Total value of production,20,1,,,"1,000 Dollars",Total value of production,False,1373927.0,,TOTAL,10.5,0,0,"(0.0, 3607745.75]",2014-12-01,16405.0
152,2014,All survey states,Structural Characteristics,All Farms,Economic Class,"$500,000 to $999,999",Operator Age,35 to 44 years old,vprodtot,Total value of production,20,1,,,"1,000 Dollars",Total value of production,False,5220114.0,,TOTAL,8.5,0,0,"(3607745.75, 7671542.0]",2014-11-30,16404.0
153,2014,All survey states,Structural Characteristics,All Farms,Economic Class,"$1,000,000 or more",Operator Age,45 to 54 years old,vprodtot,Total value of production,20,1,,,"1,000 Dollars",Total value of production,False,75438388.0,,TOTAL,7.9,0,0,"(13093219.25, 114480641.0]",2014-10-14,16357.0
154,2014,All survey states,Structural Characteristics,All Farms,Economic Class,"$1,000,000 or more",Operator Age,55 to 64 years old,vprodtot,Total value of production,20,1,,,"1,000 Dollars",Total value of production,False,114480641.0,,TOTAL,5.6,0,0,"(13093219.25, 114480641.0]",2014-11-08,16382.0
155,2014,All survey states,Structural Characteristics,All Farms,Economic Class,"$500,000 to $999,999",Operator Age,65 years or older,vprodtot,Total value of production,20,1,,,"1,000 Dollars",Total value of production,False,10470199.0,,TOTAL,7.7,0,0,"(7671542.0, 13093219.25]",2014-10-21,16364.0
156,2014,All survey states,Structural Characteristics,All Farms,Economic Class,"$100,000 to $249,999",Operator Age,35 to 44 years old,vprodtot,Total value of production,20,1,,,"1,000 Dollars",Total value of production,False,2345959.0,,TOTAL,8.4,0,0,"(0.0, 3607745.75]",2014-07-15,16266.0
157,2014,All survey states,Structural Characteristics,All Farms,Economic Class,"Less than $100,000",Operator Age,65 years or older,vprodtot,Total value of production,20,1,,,"1,000 Dollars",Total value of production,False,9189569.0,,TOTAL,3.8,0,0,"(7671542.0, 13093219.25]",2014-04-11,16171.0
158,2014,All survey states,Structural Characteristics,All Farms,Economic Class,"$100,000 to $249,999",Operator Age,65 years or older,vprodtot,Total value of production,20,1,,,"1,000 Dollars",Total value of production,False,7031976.0,,TOTAL,4.7,0,0,"(3607745.75, 7671542.0]",2014-09-02,16315.0
159,2014,All survey states,Structural Characteristics,All Farms,Economic Class,"$250,000 to $499,999",Operator Age,45 to 54 years old,vprodtot,Total value of production,20,1,,,"1,000 Dollars",Total value of production,False,7179571.0,,TOTAL,5.1,0,0,"(3607745.75, 7671542.0]",2014-01-26,16096.0
160,2014,All survey states,Structural Characteristics,All Farms,Economic Class,"$500,000 to $999,999",Operator Age,45 to 54 years old,tacres,Total acres operated,30,1,,,"1,000 Acres",Total acres operated,False,22576.0,,TOTAL,11.0,0,0,,2014-09-08,16321.0
161,2014,All survey states,Structural Characteristics,All Farms,Economic Class,"Less than $100,000",Operator Age,55 to 64 years old,vprodtot,Total value of production,20,1,,,"1,000 Dollars",Total value of production,False,9292543.0,,TOTAL,5.6,0,0,"(7671542.0, 13093219.25]",2014-11-13,16387.0
162,2014,All survey states,Structural Characteristics,All Farms,Economic Class,"$100,000 to $249,999",Operator Age,34 years or younger,vprodtot,Total value of production,20,1,,,"1,000 Dollars",Total value of production,False,1409469.0,,TOTAL,12.6,0,0,"(0.0, 3607745.75]",2014-06-02,16223.0
163,2014,All survey states,Structural Characteristics,All Farms,Economic Class,"$250,000 to $499,999",Operator Age,65 years or older,vprodtot,Total value of production,20,1,,,"1,000 Dollars",Total value of production,False,8464479.0,,TOTAL,6.3,0,0,"(7671542.0, 13093219.25]",2014-12-09,16413.0
164,2014,All survey states,Structural Characteristics,All Farms,Economic Class,"$100,000 to $249,999",Operator Age,45 to 54 years old,vprodtot,Total value of production,20,1,,,"1,000 Dollars",Total value of production,False,4917758.0,,TOTAL,5.9,0,0,"(3607745.75, 7671542.0]",2014-07-24,16275.0
165,2014,All survey states,Structural Characteristics,All Farms,Economic Class,"$1,000,000 or more",Operator Age,65 years or older,vprodtot,Total value of production,20,1,,,"1,000 Dollars",Total value of production,False,47003251.0,,TOTAL,7.8,0,0,"(13093219.25, 114480641.0]",2014-11-24,16398.0
166,2014,All survey states,Structural Characteristics,All Farms,Economic Class,"$500,000 to $999,999",Operator Age,45 to 54 years old,vprodtot,Total value of production,20,1,,,"1,000 Dollars",Total value of production,False,12777047.0,,TOTAL,6.3,0,0,"(7671542.0, 13093219.25]",2014-05-12,16202.0
167,2014,All survey states,Structural Characteristics,All Farms,Economic Class,"$250,000 to $499,999",Operator Age,35 to 44 years old,vprodtot,Total value of production,20,1,,,"1,000 Dollars",Total value of production,False,3951044.0,,TOTAL,10.8,0,0,"(3607745.75, 7671542.0]",2014-03-10,16139.0
168,2014,All survey states,Structural Characteristics,All Farms,Economic Class,"Less than $100,000",Operator Age,45 to 54 years old,vprodtot,Total value of production,20,1,,,"1,000 Dollars",Total value of production,False,5020183.0,,TOTAL,8.6,0,0,"(3607745.75, 7671542.0]",2014-05-08,16198.0
169,2014,All survey states,Structural Characteristics,All Farms,Economic Class,"Less than $100,000",Operator Age,35 to 44 years old,vprodtot,Total value of production,20,1,,,"1,000 Dollars",Total value of production,False,2359134.0,,TOTAL,11.6,0,0,"(0.0, 3607745.75]",2014-10-30,16373.0
170,2014,All survey states,Structural Characteristics,All Farms,Economic Class,"$1,000,000 or more",Operator Age,35 to 44 years old,vprodtot,Total value of production,20,1,,,"1,000 Dollars",Total value of production,False,32227647.0,,TOTAL,10.1,0,0,"(13093219.25, 114480641.0]",2014-09-06,16319.0
171,2014,All survey states,Structural Characteristics,All Farms,Economic Class,"$250,000 to $499,999",Operator Age,34 years or younger,vprodtot,Total value of production,20,1,,,"1,000 Dollars",Total value of production,False,2411409.0,,TOTAL,13.6,0,0,"(0.0, 3607745.75]",2014-09-11,16324.0
172,2014,All survey states,Structural Characteristics,All Farms,Economic Class,"$500,000 to $999,999",Operator Age,55 to 64 years old,vprodtot,Total value of production,20,1,,,"1,000 Dollars",Total value of production,False,18929264.0,,TOTAL,4.4,0,0,"(13093219.25, 114480641.0]",2014-07-22,16273.0
173,2014,All survey states,Structural Characteristics,All Farms,Economic Class,"$1,000,000 or more",Operator Age,34 years or younger,vprodtot,Total value of production,20,1,,,"1,000 Dollars",Total value of production,False,12132181.0,,TOTAL,13.5,0,0,"(7671542.0, 13093219.25]",2014-03-19,16148.0
174,2014,All survey states,Structural Characteristics,All Farms,Economic Class,"$500,000 to $999,999",Operator Age,65 years or older,tacres,Total acres operated,30,1,,,"1,000 Acres",Total acres operated,False,28660.0,,TOTAL,12.1,0,0,,2014-06-21,16242.0
175,2014,All survey states,Structural Characteristics,All Farms,Economic Class,"$100,000 to $249,999",Operator Age,45 to 54 years old,tacres,Total acres operated,30,1,,,"1,000 Acres",Total acres operated,False,25716.0,,TOTAL,21.1,0,0,,2014-12-31,16435.0
176,2014,All survey states,Structural Characteristics,All Farms,Economic Class,"$100,000 to $249,999",Operator Age,35 to 44 years old,tacres,Total acres operated,30,1,,,"1,000 Acres",Total acres operated,False,7088.0,,TOTAL,11.5,0,0,,2014-07-30,16281.0
177,2014,All survey states,Structural Characteristics,All Farms,Economic Class,"Less than $100,000",Operator Age,55 to 64 years old,tacres,Total acres operated,30,1,,,"1,000 Acres",Total acres operated,False,102510.0,,TOTAL,6.1,0,0,,2014-01-10,16080.0
178,2014,All survey states,Structural Characteristics,All Farms,Economic Class,"$250,000 to $499,999",Operator Age,34 years or younger,tacres,Total acres operated,30,1,,,"1,000 Acres",Total acres operated,False,3838.0,,TOTAL,14.9,0,0,,2014-06-10,16231.0
179,2014,All survey states,Structural Characteristics,All Farms,Economic Class,"$1,000,000 or more",Operator Age,45 to 54 years old,tacres,Total acres operated,30,1,,,"1,000 Acres",Total acres operated,False,48325.0,,TOTAL,10.3,0,0,,2014-08-14,16296.0
180,2014,All survey states,Structural Characteristics,All Farms,Economic Class,"$250,000 to $499,999",Operator Age,55 to 64 years old,tacres,Total acres operated,30,1,,,"1,000 Acres",Total acres operated,False,55933.0,,TOTAL,13.0,0,0,,2014-01-01,16071.0
181,2014,All survey states,Structural Characteristics,All Farms,Economic Class,"$500,000 to $999,999",Operator Age,55 to 64 years old,tacres,Total acres operated,30,1,,,"1,000 Acres",Total acres operated,False,59407.0,,TOTAL,19.4,0,0,,2014-12-19,16423.0
182,2014,All survey states,Structural Characteristics,All Farms,Economic Class,"$1,000,000 or more",Operator Age,55 to 64 years old,tacres,Total acres operated,30,1,,,"1,000 Acres",Total acres operated,False,138139.0,,TOTAL,14.1,0,0,,2014-05-26,16216.0
183,2014,All survey states,Structural Characteristics,All Farms,Economic Class,"$1,000,000 or more",Operator Age,34 years or younger,tacres,Total acres operated,30,1,,,"1,000 Acres",Total acres operated,False,12397.0,,TOTAL,21.4,0,0,,2014-01-15,16085.0
184,2014,All survey states,Structural Characteristics,All Farms,Economic Class,"$1,000,000 or more",Operator Age,35 to 44 years old,tacres,Total acres operated,30,1,,,"1,000 Acres",Total acres operated,False,25283.0,,TOTAL,12.5,0,0,,2014-07-26,16277.0
185,2014,All survey states,Structural Characteristics,All Farms,Economic Class,"$250,000 to $499,999",Operator Age,35 to 44 years old,tacres,Total acres operated,30,1,,,"1,000 Acres",Total acres operated,False,10506.0,,TOTAL,23.7,0,0,,2014-03-18,16147.0
186,2014,All survey states,Structural Characteristics,All Farms,Economic Class,"Less than $100,000",Operator Age,34 years or younger,tacres,Total acres operated,30,1,,,"1,000 Acres",Total acres operated,False,6693.0,,TOTAL,10.7,0,0,,2014-03-31,16160.0
187,2014,All survey states,Structural Characteristics,All Farms,Economic Class,"$500,000 to $999,999",Operator Age,34 years or younger,tacres,Total acres operated,30,1,,,"1,000 Acres",Total acres operated,False,6721.0,,TOTAL,36.0,0,0,,2014-01-12,16082.0
188,2014,All survey states,Structural Characteristics,All Farms,Economic Class,"$500,000 to $999,999",Operator Age,35 to 44 years old,tacres,Total acres operated,30,1,,,"1,000 Acres",Total acres operated,False,13416.0,,TOTAL,13.6,0,0,,2014-05-28,16218.0
189,2014,All survey states,Structural Characteristics,All Farms,Economic Class,"$250,000 to $499,999",Operator Age,65 years or older,tacres,Total acres operated,30,1,,,"1,000 Acres",Total acres operated,False,46495.0,,TOTAL,12.9,0,0,,2014-03-21,16150.0
190,2014,All survey states,Structural Characteristics,All Farms,Economic Class,"$100,000 to $249,999",Operator Age,65 years or older,tacres,Total acres operated,30,1,,,"1,000 Acres",Total acres operated,False,40523.0,,TOTAL,16.2,0,0,,2014-07-11,16262.0
191,2014,All survey states,Structural Characteristics,All Farms,Economic Class,"Less than $100,000",Operator Age,45 to 54 years old,tacres,Total acres operated,30,1,,,"1,000 Acres",Total acres operated,False,44081.0,,TOTAL,9.4,0,0,,2014-07-01,16252.0
192,2014,All survey states,Structural Characteristics,All Farms,Economic Class,"Less than $100,000",Operator Age,65 years or older,tacres,Total acres operated,30,1,,,"1,000 Acres",Total acres operated,False,110747.0,,TOTAL,6.9,0,0,,2014-07-22,16273.0
193,2014,All survey states,Structural Characteristics,All Farms,Economic Class,"$250,000 to $499,999",Operator Age,45 to 54 years old,tacres,Total acres operated,30,1,,,"1,000 Acres",Total acres operated,False,21660.0,,TOTAL,9.6,0,0,,2014-11-30,16404.0
194,2014,All survey states,Structural Characteristics,All Farms,Economic Class,"$1,000,000 or more",Operator Age,65 years or older,tacres,Total acres operated,30,1,,,"1,000 Acres",Total acres operated,False,46024.0,,TOTAL,12.7,0,0,,2014-02-01,16102.0
195,2014,All survey states,Structural Characteristics,All Farms,Economic Class,"Less than $100,000",Operator Age,35 to 44 years old,tacres,Total acres operated,30,1,,,"1,000 Acres",Total acres operated,False,17490.0,,TOTAL,12.2,0,0,,2014-08-11,16293.0
196,2014,All survey states,Structural Characteristics,All Farms,Economic Class,"$100,000 to $249,999",Operator Age,34 years or younger,tacres,Total acres operated,30,1,,,"1,000 Acres",Total acres operated,False,4472.0,,TOTAL,23.4,0,0,,2014-04-11,16171.0
197,2014,All survey states,Structural Characteristics,All Farms,Economic Class,"$500,000 to $999,999",Operator Age,34 years or younger,vprodtot,Total value of production,20,1,,,"1,000 Dollars",Total value of production,False,4381253.0,,TOTAL,24.6,0,0,"(3607745.75, 7671542.0]",2014-03-17,16146.0
198,2014,All survey states,Structural Characteristics,All Farms,Economic Class,"$250,000 to $499,999",Operator Age,55 to 64 years old,vprodtot,Total value of production,20,1,,,"1,000 Dollars",Total value of production,False,13586896.0,,TOTAL,3.5,0,0,"(13093219.25, 114480641.0]",2014-02-10,16111.0
199,2014,All survey states,Structural Characteristics,All Farms,Economic Class,"$100,000 to $249,999",Operator Age,55 to 64 years old,tacres,Total acres operated,30,1,,,"1,000 Acres",Total acres operated,False,34420.0,,TOTAL,9.2,0,0,,2014-04-30,16190.0
200,2015,All survey states,Structural Characteristics,All Farms,Economic Class,"$1,000,000 or more",Operator Age,45 to 54 years old,tacres,Total acres operated,30,1,,,"1,000 Acres",Total acres operated,False,41675.0,,TOTAL,39.9,0,0,,2015-08-27,16674.0
201,2015,All survey states,Structural Characteristics,All Farms,Economic Class,"$100,000 to $249,999",Operator Age,34 years or younger,tacres,Total acres operated,30,1,,,"1,000 Acres",Total acres operated,False,4985.0,,TOTAL,24.2,0,0,,2015-05-12,16567.0
202,2015,All survey states,Structural Characteristics,All Farms,Economic Class,"$250,000 to $499,999",Operator Age,34 years or younger,tacres,Total acres operated,30,1,,,"1,000 Acres",Total acres operated,False,6400.0,,TOTAL,39.1,0,0,,2015-12-18,16787.0
203,2015,All survey states,Structural Characteristics,All Farms,Economic Class,"$100,000 to $249,999",Operator Age,55 to 64 years old,tacres,Total acres operated,30,1,,,"1,000 Acres",Total acres operated,False,40127.0,,TOTAL,14.3,0,0,,2015-08-21,16668.0
204,2015,All survey states,Structural Characteristics,All Farms,Economic Class,"$1,000,000 or more",Operator Age,35 to 44 years old,tacres,Total acres operated,30,1,,,"1,000 Acres",Total acres operated,False,27882.0,,TOTAL,28.9,0,0,,2015-07-19,16635.0
205,2015,All survey states,Structural Characteristics,All Farms,Economic Class,"$500,000 to $999,999",Operator Age,34 years or younger,tacres,Total acres operated,30,1,,,"1,000 Acres",Total acres operated,False,3580.0,,TOTAL,56.7,0,0,,2015-03-15,16509.0
206,2015,All survey states,Structural Characteristics,All Farms,Economic Class,"$250,000 to $499,999",Operator Age,55 to 64 years old,tacres,Total acres operated,30,1,,,"1,000 Acres",Total acres operated,False,45706.0,,TOTAL,47.0,0,0,,2015-09-05,16683.0
207,2015,All survey states,Structural Characteristics,All Farms,Economic Class,"Less than $100,000",Operator Age,34 years or younger,tacres,Total acres operated,30,1,,,"1,000 Acres",Total acres operated,False,7689.0,,TOTAL,37.4,0,0,,2015-07-11,16627.0
208,2015,All survey states,Structural Characteristics,All Farms,Economic Class,"$500,000 to $999,999",Operator Age,65 years or older,tacres,Total acres operated,30,1,,,"1,000 Acres",Total acres operated,False,27522.0,,TOTAL,32.1,0,0,,2015-10-14,16722.0
209,2015,All survey states,Structural Characteristics,All Farms,Economic Class,"$500,000 to $999,999",Operator Age,45 to 54 years old,tacres,Total acres operated,30,1,,,"1,000 Acres",Total acres operated,False,26523.0,,TOTAL,26.6,0,0,,2015-10-09,16717.0
210,2015,All survey states,Structural Characteristics,All Farms,Economic Class,"Less than $100,000",Operator Age,55 to 64 years old,tacres,Total acres operated,30,1,,,"1,000 Acres",Total acres operated,False,91592.0,,TOTAL,11.0,0,0,,2015-09-25,16703.0
211,2015,All survey states,Structural Characteristics,All Farms,Economic Class,"Less than $100,000",Operator Age,35 to 44 years old,tacres,Total acres operated,30,1,,,"1,000 Acres",Total acres operated,False,12558.0,,TOTAL,22.9,0,0,,2015-10-06,16714.0
212,2015,All survey states,Structural Characteristics,All Farms,Economic Class,"$250,000 to $499,999",Operator Age,45 to 54 years old,tacres,Total acres operated,30,1,,,"1,000 Acres",Total acres operated,False,21736.0,,TOTAL,23.9,0,0,,2015-05-22,16577.0
213,2015,All survey states,Structural Characteristics,All Farms,Economic Class,"$100,000 to $249,999",Operator Age,45 to 54 years old,tacres,Total acres operated,30,1,,,"1,000 Acres",Total acres operated,False,14783.0,,TOTAL,12.1,0,0,,2015-12-04,16773.0
214,2015,All survey states,Structural Characteristics,All Farms,Economic Class,"$250,000 to $499,999",Operator Age,65 years or older,tacres,Total acres operated,30,1,,,"1,000 Acres",Total acres operated,False,42092.0,,TOTAL,29.2,0,0,,2015-10-09,16717.0
215,2015,All survey states,Structural Characteristics,All Farms,Economic Class,"$100,000 to $249,999",Operator Age,65 years or older,tacres,Total acres operated,30,1,,,"1,000 Acres",Total acres operated,False,43064.0,,TOTAL,15.2,0,0,,2015-09-16,16694.0
216,2015,All survey states,Structural Characteristics,All Farms,Economic Class,"$500,000 to $999,999",Operator Age,55 to 64 years old,tacres,Total acres operated,30,1,,,"1,000 Acres",Total acres operated,False,64299.0,,TOTAL,30.8,0,0,,2015-03-10,16504.0
217,2015,All survey states,Structural Characteristics,All Farms,Economic Class,"$100,000 to $249,999",Operator Age,35 to 44 years old,tacres,Total acres operated,30,1,,,"1,000 Acres",Total acres operated,False,7420.0,,TOTAL,19.0,0,0,,2015-07-12,16628.0
218,2015,All survey states,Structural Characteristics,All Farms,Economic Class,"$1,000,000 or more",Operator Age,55 to 64 years old,tacres,Total acres operated,30,1,,,"1,000 Acres",Total acres operated,False,81154.0,,TOTAL,24.9,0,0,,2015-03-22,16516.0
219,2015,All survey states,Structural Characteristics,All Farms,Economic Class,"$1,000,000 or more",Operator Age,65 years or older,tacres,Total acres operated,30,1,,,"1,000 Acres",Total acres operated,False,50506.0,,TOTAL,27.6,0,0,,2015-01-03,16438.0
220,2015,All survey states,Structural Characteristics,All Farms,Economic Class,"Less than $100,000",Operator Age,45 to 54 years old,tacres,Total acres operated,30,1,,,"1,000 Acres",Total acres operated,False,36863.0,,TOTAL,65.9,0,0,,2015-11-06,16745.0
221,2015,All survey states,Structural Characteristics,All Farms,Economic Class,"$500,000 to $999,999",Operator Age,35 to 44 years old,tacres,Total acres operated,30,1,,,"1,000 Acres",Total acres operated,False,14779.0,,TOTAL,72.3,0,0,,2015-11-15,16754.0
222,2015,All survey states,Structural Characteristics,All Farms,Economic Class,"$250,000 to $499,999",Operator Age,35 to 44 years old,tacres,Total acres operated,30,1,,,"1,000 Acres",Total acres operated,False,14734.0,,TOTAL,22.8,0,0,,2015-11-01,16740.0
223,2015,All survey states,Structural Characteristics,All Farms,Economic Class,"Less than $100,000",Operator Age,35 to 44 years old,vprodtot,Total value of production,20,1,,,"1,000 Dollars",Total value of production,False,1741845.0,,TOTAL,13.3,0,0,"(0.0, 3607745.75]",2015-06-01,16587.0
224,2015,All survey states,Structural Characteristics,All Farms,Economic Class,"$100,000 to $249,999",Operator Age,55 to 64 years old,vprodtot,Total value of production,20,1,,,"1,000 Dollars",Total value of production,False,7831185.0,,TOTAL,6.2,0,0,"(7671542.0, 13093219.25]",2015-11-17,16756.0
225,2015,All survey states,Structural Characteristics,All Farms,Economic Class,"Less than $100,000",Operator Age,55 to 64 years old,vprodtot,Total value of production,20,1,,,"1,000 Dollars",Total value of production,False,9059025.0,,TOTAL,8.2,0,0,"(7671542.0, 13093219.25]",2015-04-11,16536.0
226,2015,All survey states,Structural Characteristics,All Farms,Economic Class,"$1,000,000 or more",Operator Age,65 years or older,vprodtot,Total value of production,20,1,,,"1,000 Dollars",Total value of production,False,40151586.0,,TOTAL,13.1,0,0,"(13093219.25, 114480641.0]",2015-02-19,16485.0
227,2015,All survey states,Structural Characteristics,All Farms,Economic Class,"$1,000,000 or more",Operator Age,35 to 44 years old,vprodtot,Total value of production,20,1,,,"1,000 Dollars",Total value of production,False,24892950.0,,TOTAL,14.0,0,0,"(13093219.25, 114480641.0]",2015-12-28,16797.0
228,2015,All survey states,Structural Characteristics,All Farms,Economic Class,"Less than $100,000",Operator Age,34 years or younger,vprodtot,Total value of production,20,1,,,"1,000 Dollars",Total value of production,False,1371372.0,,TOTAL,27.3,0,0,"(0.0, 3607745.75]",2015-04-02,16527.0
229,2015,All survey states,Structural Characteristics,All Farms,Economic Class,"Less than $100,000",Operator Age,65 years or older,vprodtot,Total value of production,20,1,,,"1,000 Dollars",Total value of production,False,9565858.0,,TOTAL,8.9,0,0,"(7671542.0, 13093219.25]",2015-02-07,16473.0
230,2015,All survey states,Structural Characteristics,All Farms,Economic Class,"$1,000,000 or more",Operator Age,34 years or younger,vprodtot,Total value of production,20,1,,,"1,000 Dollars",Total value of production,False,7844052.0,,TOTAL,19.8,0,0,"(7671542.0, 13093219.25]",2015-01-11,16446.0
231,2015,All survey states,Structural Characteristics,All Farms,Economic Class,"$250,000 to $499,999",Operator Age,45 to 54 years old,vprodtot,Total value of production,20,1,,,"1,000 Dollars",Total value of production,False,6573975.0,,TOTAL,13.4,0,0,"(3607745.75, 7671542.0]",2015-02-06,16472.0
232,2015,All survey states,Structural Characteristics,All Farms,Economic Class,"$500,000 to $999,999",Operator Age,34 years or younger,vprodtot,Total value of production,20,1,,,"1,000 Dollars",Total value of production,False,2449191.0,,TOTAL,24.9,0,0,"(0.0, 3607745.75]",2015-05-28,16583.0
233,2015,All survey states,Structural Characteristics,All Farms,Economic Class,"$500,000 to $999,999",Operator Age,45 to 54 years old,vprodtot,Total value of production,20,1,,,"1,000 Dollars",Total value of production,False,12579823.0,,TOTAL,17.5,0,0,"(7671542.0, 13093219.25]",2015-03-31,16525.0
234,2015,All survey states,Structural Characteristics,All Farms,Economic Class,"$1,000,000 or more",Operator Age,55 to 64 years old,vprodtot,Total value of production,20,1,,,"1,000 Dollars",Total value of production,False,107225989.0,,TOTAL,7.9,0,0,"(13093219.25, 114480641.0]",2015-10-02,16710.0
235,2015,All survey states,Structural Characteristics,All Farms,Economic Class,"$100,000 to $249,999",Operator Age,65 years or older,vprodtot,Total value of production,20,1,,,"1,000 Dollars",Total value of production,False,7427201.0,,TOTAL,10.1,0,0,"(3607745.75, 7671542.0]",2015-04-28,16553.0
236,2015,All survey states,Structural Characteristics,All Farms,Economic Class,"$250,000 to $499,999",Operator Age,65 years or older,vprodtot,Total value of production,20,1,,,"1,000 Dollars",Total value of production,False,8287482.0,,TOTAL,11.9,0,0,"(7671542.0, 13093219.25]",2015-02-20,16486.0
237,2015,All survey states,Structural Characteristics,All Farms,Economic Class,"$250,000 to $499,999",Operator Age,34 years or younger,vprodtot,Total value of production,20,1,,,"1,000 Dollars",Total value of production,False,1930176.0,,TOTAL,37.9,0,0,"(0.0, 3607745.75]",2015-06-18,16604.0
238,2015,All survey states,Structural Characteristics,All Farms,Economic Class,"$500,000 to $999,999",Operator Age,65 years or older,vprodtot,Total value of production,20,1,,,"1,000 Dollars",Total value of production,False,10090308.0,,TOTAL,8.7,0,0,"(7671542.0, 13093219.25]",2015-04-02,16527.0
239,2015,All survey states,Structural Characteristics,All Farms,Economic Class,"$100,000 to $249,999",Operator Age,34 years or younger,vprodtot,Total value of production,20,1,,,"1,000 Dollars",Total value of production,False,1776647.0,,TOTAL,21.3,0,0,"(0.0, 3607745.75]",2015-06-21,16607.0
240,2015,All survey states,Structural Characteristics,All Farms,Economic Class,"$500,000 to $999,999",Operator Age,35 to 44 years old,vprodtot,Total value of production,20,1,,,"1,000 Dollars",Total value of production,False,7611750.0,,TOTAL,57.7,0,0,"(3607745.75, 7671542.0]",2015-03-14,16508.0
241,2015,All survey states,Structural Characteristics,All Farms,Economic Class,"$250,000 to $499,999",Operator Age,35 to 44 years old,vprodtot,Total value of production,20,1,,,"1,000 Dollars",Total value of production,False,3596865.0,,TOTAL,18.3,0,0,"(0.0, 3607745.75]",2015-07-15,16631.0
242,2015,All survey states,Structural Characteristics,All Farms,Economic Class,"$1,000,000 or more",Operator Age,45 to 54 years old,vprodtot,Total value of production,20,1,,,"1,000 Dollars",Total value of production,False,49973160.0,,TOTAL,8.7,0,0,"(13093219.25, 114480641.0]",2015-02-16,16482.0
243,2015,All survey states,Structural Characteristics,All Farms,Economic Class,"$100,000 to $249,999",Operator Age,45 to 54 years old,vprodtot,Total value of production,20,1,,,"1,000 Dollars",Total value of production,False,3913424.0,,TOTAL,12.1,0,0,"(3607745.75, 7671542.0]",2015-06-12,16598.0
244,2015,All survey states,Structural Characteristics,All Farms,Economic Class,"Less than $100,000",Operator Age,45 to 54 years old,vprodtot,Total value of production,20,1,,,"1,000 Dollars",Total value of production,False,3806601.0,,TOTAL,7.6,0,0,"(3607745.75, 7671542.0]",2015-02-19,16485.0
245,2015,All survey states,Structural Characteristics,All Farms,Economic Class,"$100,000 to $249,999",Operator Age,35 to 44 years old,vprodtot,Total value of production,20,1,,,"1,000 Dollars",Total value of production,False,2236264.0,,TOTAL,13.7,0,0,"(0.0, 3607745.75]",2015-12-31,16800.0
246,2015,All survey states,Structural Characteristics,All Farms,Economic Class,"Less than $100,000",Operator Age,65 years or older,tacres,Total acres operated,30,1,,,"1,000 Acres",Total acres operated,False,111020.0,,TOTAL,8.5,0,0,,2015-01-28,16463.0
247,2015,All survey states,Structural Characteristics,All Farms,Economic Class,"$500,000 to $999,999",Operator Age,55 to 64 years old,vprodtot,Total value of production,20,1,,,"1,000 Dollars",Total value of production,False,22023513.0,,TOTAL,14.8,0,0,"(13093219.25, 114480641.0]",2015-07-27,16643.0
248,2015,All survey states,Structural Characteristics,All Farms,Economic Class,"$1,000,000 or more",Operator Age,34 years or younger,tacres,Total acres operated,30,1,,,"1,000 Acres",Total acres operated,False,10870.0,,TOTAL,45.3,0,0,,2015-02-12,16478.0
249,2015,All survey states,Structural Characteristics,All Farms,Economic Class,"$250,000 to $499,999",Operator Age,55 to 64 years old,vprodtot,Total value of production,20,1,,,"1,000 Dollars",Total value of production,False,14183983.0,,TOTAL,19.2,0,0,"(13093219.25, 114480641.0]",2015-02-14,16480.0
250,2016,All survey states,Structural Characteristics,All Farms,Economic Class,"Less than $100,000",Operator Age,55 to 64 years old,tacres,Total acres operated,30,1,,,"1,000 Acres",Total acres operated,False,98510.0,,TOTAL,15.0,0,0,,2016-12-13,17148.0
251,2016,All survey states,Structural Characteristics,All Farms,Economic Class,"$500,000 to $999,999",Operator Age,34 years or younger,tacres,Total acres operated,30,1,,,"1,000 Acres",Total acres operated,False,4964.0,,TOTAL,25.2,0,0,,2016-03-11,16871.0
252,2016,All survey states,Structural Characteristics,All Farms,Economic Class,"$250,000 to $499,999",Operator Age,35 to 44 years old,tacres,Total acres operated,30,1,,,"1,000 Acres",Total acres operated,False,13186.0,,TOTAL,19.5,0,0,,2016-05-26,16947.0
253,2016,All survey states,Structural Characteristics,All Farms,Economic Class,"$100,000 to $249,999",Operator Age,55 to 64 years old,tacres,Total acres operated,30,1,,,"1,000 Acres",Total acres operated,False,45850.0,,TOTAL,14.1,0,0,,2016-02-08,16839.0
254,2016,All survey states,Structural Characteristics,All Farms,Economic Class,"Less than $100,000",Operator Age,35 to 44 years old,tacres,Total acres operated,30,1,,,"1,000 Acres",Total acres operated,False,28874.0,,TOTAL,38.6,0,0,,2016-06-20,16972.0
255,2016,All survey states,Structural Characteristics,All Farms,Economic Class,"$500,000 to $999,999",Operator Age,35 to 44 years old,tacres,Total acres operated,30,1,,,"1,000 Acres",Total acres operated,False,15361.0,,TOTAL,23.0,0,0,,2016-07-16,16998.0
256,2016,All survey states,Structural Characteristics,All Farms,Economic Class,"$250,000 to $499,999",Operator Age,65 years or older,tacres,Total acres operated,30,1,,,"1,000 Acres",Total acres operated,False,34827.0,,TOTAL,11.6,0,0,,2016-01-08,16808.0
257,2016,All survey states,Structural Characteristics,All Farms,Economic Class,"$100,000 to $249,999",Operator Age,65 years or older,tacres,Total acres operated,30,1,,,"1,000 Acres",Total acres operated,False,41139.0,,TOTAL,17.3,0,0,,2016-08-27,17040.0
258,2016,All survey states,Structural Characteristics,All Farms,Economic Class,"$1,000,000 or more",Operator Age,35 to 44 years old,tacres,Total acres operated,30,1,,,"1,000 Acres",Total acres operated,False,23893.0,,TOTAL,17.6,0,0,,2016-04-07,16898.0
259,2016,All survey states,Structural Characteristics,All Farms,Economic Class,"$500,000 to $999,999",Operator Age,45 to 54 years old,tacres,Total acres operated,30,1,,,"1,000 Acres",Total acres operated,False,25768.0,,TOTAL,12.9,0,0,,2016-11-14,17119.0
260,2016,All survey states,Structural Characteristics,All Farms,Economic Class,"$250,000 to $499,999",Operator Age,34 years or younger,tacres,Total acres operated,30,1,,,"1,000 Acres",Total acres operated,False,7321.0,,TOTAL,38.4,0,0,,2016-03-06,16866.0
261,2016,All survey states,Structural Characteristics,All Farms,Economic Class,"$1,000,000 or more",Operator Age,34 years or younger,tacres,Total acres operated,30,1,,,"1,000 Acres",Total acres operated,False,10000.0,,TOTAL,30.6,0,0,,2016-10-12,17086.0
262,2016,All survey states,Structural Characteristics,All Farms,Economic Class,"$1,000,000 or more",Operator Age,45 to 54 years old,tacres,Total acres operated,30,1,,,"1,000 Acres",Total acres operated,False,36553.0,,TOTAL,14.6,0,0,,2016-03-09,16869.0
263,2016,All survey states,Structural Characteristics,All Farms,Economic Class,"$500,000 to $999,999",Operator Age,55 to 64 years old,tacres,Total acres operated,30,1,,,"1,000 Acres",Total acres operated,False,45857.0,,TOTAL,9.9,0,0,,2016-09-04,17048.0
264,2016,All survey states,Structural Characteristics,All Farms,Economic Class,"$100,000 to $249,999",Operator Age,34 years or younger,tacres,Total acres operated,30,1,,,"1,000 Acres",Total acres operated,False,4601.0,,TOTAL,24.3,0,0,,2016-05-30,16951.0
265,2016,All survey states,Structural Characteristics,All Farms,Economic Class,"Less than $100,000",Operator Age,45 to 54 years old,tacres,Total acres operated,30,1,,,"1,000 Acres",Total acres operated,False,34983.0,,TOTAL,11.2,0,0,,2016-02-07,16838.0
266,2016,All survey states,Structural Characteristics,All Farms,Economic Class,"$500,000 to $999,999",Operator Age,65 years or older,tacres,Total acres operated,30,1,,,"1,000 Acres",Total acres operated,False,45783.0,,TOTAL,22.4,0,0,,2016-01-23,16823.0
267,2016,All survey states,Structural Characteristics,All Farms,Economic Class,"$1,000,000 or more",Operator Age,55 to 64 years old,tacres,Total acres operated,30,1,,,"1,000 Acres",Total acres operated,False,73376.0,,TOTAL,8.1,0,0,,2016-07-18,17000.0
268,2016,All survey states,Structural Characteristics,All Farms,Economic Class,"$1,000,000 or more",Operator Age,65 years or older,tacres,Total acres operated,30,1,,,"1,000 Acres",Total acres operated,False,38353.0,,TOTAL,14.1,0,0,,2016-10-03,17077.0
269,2016,All survey states,Structural Characteristics,All Farms,Economic Class,"Less than $100,000",Operator Age,34 years or younger,tacres,Total acres operated,30,1,,,"1,000 Acres",Total acres operated,False,6813.0,,TOTAL,23.2,0,0,,2016-12-02,17137.0
270,2016,All survey states,Structural Characteristics,All Farms,Economic Class,"$250,000 to $499,999",Operator Age,55 to 64 years old,tacres,Total acres operated,30,1,,,"1,000 Acres",Total acres operated,False,42506.0,,TOTAL,9.9,0,0,,2016-10-24,17098.0
271,2016,All survey states,Structural Characteristics,All Farms,Economic Class,"$100,000 to $249,999",Operator Age,45 to 54 years old,tacres,Total acres operated,30,1,,,"1,000 Acres",Total acres operated,False,27533.0,,TOTAL,49.8,0,0,,2016-11-09,17114.0
272,2016,All survey states,Structural Characteristics,All Farms,Economic Class,"$250,000 to $499,999",Operator Age,45 to 54 years old,tacres,Total acres operated,30,1,,,"1,000 Acres",Total acres operated,False,17682.0,,TOTAL,18.2,0,0,,2016-05-05,16926.0
273,2016,All survey states,Structural Characteristics,All Farms,Economic Class,"$250,000 to $499,999",Operator Age,35 to 44 years old,vprodtot,Total value of production,20,1,,,"1,000 Dollars",Total value of production,False,3640388.0,,TOTAL,10.9,0,0,"(3607745.75, 7671542.0]",2016-05-28,16949.0
274,2016,All survey states,Structural Characteristics,All Farms,Economic Class,"$500,000 to $999,999",Operator Age,34 years or younger,vprodtot,Total value of production,20,1,,,"1,000 Dollars",Total value of production,False,2892327.0,,TOTAL,23.7,0,0,"(0.0, 3607745.75]",2016-03-21,16881.0
275,2016,All survey states,Structural Characteristics,All Farms,Economic Class,"Less than $100,000",Operator Age,35 to 44 years old,vprodtot,Total value of production,20,1,,,"1,000 Dollars",Total value of production,False,2244704.0,,TOTAL,15.9,0,0,"(0.0, 3607745.75]",2016-06-28,16980.0
276,2016,All survey states,Structural Characteristics,All Farms,Economic Class,"$1,000,000 or more",Operator Age,34 years or younger,vprodtot,Total value of production,20,1,,,"1,000 Dollars",Total value of production,False,12365871.0,,TOTAL,28.9,0,0,"(7671542.0, 13093219.25]",2016-09-14,17058.0
277,2016,All survey states,Structural Characteristics,All Farms,Economic Class,"$500,000 to $999,999",Operator Age,45 to 54 years old,vprodtot,Total value of production,20,1,,,"1,000 Dollars",Total value of production,False,10981491.0,,TOTAL,8.3,0,0,"(7671542.0, 13093219.25]",2016-12-12,17147.0
278,2016,All survey states,Structural Characteristics,All Farms,Economic Class,"$250,000 to $499,999",Operator Age,65 years or older,vprodtot,Total value of production,20,1,,,"1,000 Dollars",Total value of production,False,8968161.0,,TOTAL,5.8,0,0,"(7671542.0, 13093219.25]",2016-04-04,16895.0
279,2016,All survey states,Structural Characteristics,All Farms,Economic Class,"Less than $100,000",Operator Age,65 years or older,vprodtot,Total value of production,20,1,,,"1,000 Dollars",Total value of production,False,8655657.0,,TOTAL,5.8,0,0,"(7671542.0, 13093219.25]",2016-09-03,17047.0
280,2016,All survey states,Structural Characteristics,All Farms,Economic Class,"$1,000,000 or more",Operator Age,55 to 64 years old,vprodtot,Total value of production,20,1,,,"1,000 Dollars",Total value of production,False,100253574.0,,TOTAL,6.7,0,0,"(13093219.25, 114480641.0]",2016-04-12,16903.0
281,2016,All survey states,Structural Characteristics,All Farms,Economic Class,"$100,000 to $249,999",Operator Age,65 years or older,vprodtot,Total value of production,20,1,,,"1,000 Dollars",Total value of production,False,6364198.0,,TOTAL,7.5,0,0,"(3607745.75, 7671542.0]",2016-10-23,17097.0
282,2016,All survey states,Structural Characteristics,All Farms,Economic Class,"$250,000 to $499,999",Operator Age,34 years or younger,vprodtot,Total value of production,20,1,,,"1,000 Dollars",Total value of production,False,2249227.0,,TOTAL,24.7,0,0,"(0.0, 3607745.75]",2016-09-02,17046.0
283,2016,All survey states,Structural Characteristics,All Farms,Economic Class,"$100,000 to $249,999",Operator Age,45 to 54 years old,vprodtot,Total value of production,20,1,,,"1,000 Dollars",Total value of production,False,3101864.0,,TOTAL,34.0,0,0,"(0.0, 3607745.75]",2016-08-23,17036.0
284,2016,All survey states,Structural Characteristics,All Farms,Economic Class,"Less than $100,000",Operator Age,34 years or younger,vprodtot,Total value of production,20,1,,,"1,000 Dollars",Total value of production,False,1173464.0,,TOTAL,18.8,0,0,"(0.0, 3607745.75]",2016-10-26,17100.0
285,2016,All survey states,Structural Characteristics,All Farms,Economic Class,"$100,000 to $249,999",Operator Age,34 years or younger,vprodtot,Total value of production,20,1,,,"1,000 Dollars",Total value of production,False,1545050.0,,TOTAL,18.9,0,0,"(0.0, 3607745.75]",2016-05-10,16931.0
286,2016,All survey states,Structural Characteristics,All Farms,Economic Class,"$1,000,000 or more",Operator Age,65 years or older,vprodtot,Total value of production,20,1,,,"1,000 Dollars",Total value of production,False,43612507.0,,TOTAL,9.4,0,0,"(13093219.25, 114480641.0]",2016-04-14,16905.0
287,2016,All survey states,Structural Characteristics,All Farms,Economic Class,"$500,000 to $999,999",Operator Age,65 years or older,vprodtot,Total value of production,20,1,,,"1,000 Dollars",Total value of production,False,11809953.0,,TOTAL,7.5,0,0,"(7671542.0, 13093219.25]",2016-06-17,16969.0
288,2016,All survey states,Structural Characteristics,All Farms,Economic Class,"$1,000,000 or more",Operator Age,35 to 44 years old,vprodtot,Total value of production,20,1,,,"1,000 Dollars",Total value of production,False,20047253.0,,TOTAL,9.7,0,0,"(13093219.25, 114480641.0]",2016-01-12,16812.0
289,2016,All survey states,Structural Characteristics,All Farms,Economic Class,"Less than $100,000",Operator Age,55 to 64 years old,vprodtot,Total value of production,20,1,,,"1,000 Dollars",Total value of production,False,7273282.0,,TOTAL,5.0,0,0,"(3607745.75, 7671542.0]",2016-02-13,16844.0
290,2016,All survey states,Structural Characteristics,All Farms,Economic Class,"$500,000 to $999,999",Operator Age,35 to 44 years old,vprodtot,Total value of production,20,1,,,"1,000 Dollars",Total value of production,False,6945313.0,,TOTAL,10.3,0,0,"(3607745.75, 7671542.0]",2016-07-04,16986.0
291,2016,All survey states,Structural Characteristics,All Farms,Economic Class,"$250,000 to $499,999",Operator Age,45 to 54 years old,vprodtot,Total value of production,20,1,,,"1,000 Dollars",Total value of production,False,6101090.0,,TOTAL,9.6,0,0,"(3607745.75, 7671542.0]",2016-09-13,17057.0
292,2016,All survey states,Structural Characteristics,All Farms,Economic Class,"$100,000 to $249,999",Operator Age,55 to 64 years old,vprodtot,Total value of production,20,1,,,"1,000 Dollars",Total value of production,False,8473001.0,,TOTAL,8.8,0,0,"(7671542.0, 13093219.25]",2016-04-20,16911.0
293,2016,All survey states,Structural Characteristics,All Farms,Economic Class,"$1,000,000 or more",Operator Age,45 to 54 years old,vprodtot,Total value of production,20,1,,,"1,000 Dollars",Total value of production,False,46088723.0,,TOTAL,8.4,0,0,"(13093219.25, 114480641.0]",2016-01-10,16810.0
294,2016,All survey states,Structural Characteristics,All Farms,Economic Class,"$250,000 to $499,999",Operator Age,55 to 64 years old,vprodtot,Total value of production,20,1,,,"1,000 Dollars",Total value of production,False,12706082.0,,TOTAL,7.2,0,0,"(7671542.0, 13093219.25]",2016-04-11,16902.0
295,2016,All survey states,Structural Characteristics,All Farms,Economic Class,"$100,000 to $249,999",Operator Age,35 to 44 years old,vprodtot,Total value of production,20,1,,,"1,000 Dollars",Total value of production,False,2476122.0,,TOTAL,11.5,0,0,"(0.0, 3607745.75]",2016-11-27,17132.0
296,2016,All survey states,Structural Characteristics,All Farms,Economic Class,"Less than $100,000",Operator Age,45 to 54 years old,vprodtot,Total value of production,20,1,,,"1,000 Dollars",Total value of production,False,3139752.0,,TOTAL,8.7,0,0,"(0.0, 3607745.75]",2016-07-14,16996.0
297,2016,All survey states,Structural Characteristics,All Farms,Economic Class,"$500,000 to $999,999",Operator Age,55 to 64 years old,vprodtot,Total value of production,20,1,,,"1,000 Dollars",Total value of production,False,20054927.0,,TOTAL,3.9,0,0,"(13093219.25, 114480641.0]",2016-08-16,17029.0
298,2016,All survey states,Structural Characteristics,All Farms,Economic Class,"$100,000 to $249,999",Operator Age,35 to 44 years old,tacres,Total acres operated,30,1,,,"1,000 Acres",Total acres operated,False,9692.0,,TOTAL,25.5,0,0,,2016-08-30,17043.0
299,2016,All survey states,Structural Characteristics,All Farms,Economic Class,"Less than $100,000",Operator Age,65 years or older,tacres,Total acres operated,30,1,,,"1,000 Acres",Total acres operated,False,163497.0,,TOTAL,24.4,0,0,,2016-08-01,17014.0
